Name,Type1,Type2,PrimaryType,SecondaryType,Total,HP,Attack,Defense,Sp_Atk,Sp_Def,Speed,Generation,Legendary
Bulbasaur,Grass,Poison,4,8,318,45,49,49,65,65,45,1,FALSE
Ivysaur,Grass,Poison,4,8,405,60,62,63,80,80,60,1,FALSE
Venusaur,Grass,Poison,4,8,525,80,82,83,100,100,80,1,FALSE
VenusaurMega Venusaur,Grass,Poison,4,8,625,80,100,123,122,120,80,1,FALSE
Charmander,Fire,None,2,0,309,39,52,43,60,50,65,1,FALSE
Charmeleon,Fire,None,2,0,405,58,64,58,80,65,80,1,FALSE
Charizard,Fire,Flying,2,10,534,78,84,78,109,85,100,1,FALSE
CharizardMega Charizard X,Fire,Dragon,2,15,634,78,130,111,130,85,100,1,FALSE
CharizardMega Charizard Y,Fire,Flying,2,10,634,78,104,78,159,115,100,1,FALSE
Squirtle,Water,None,3,0,314,44,48,65,50,64,43,1,FALSE
Wartortle,Water,None,3,0,405,59,63,80,65,80,58,1,FALSE
Blastoise,Water,None,3,0,530,79,83,100,85,105,78,1,FALSE
BlastoiseMega Blastoise,Water,None,3,0,630,79,103,120,135,115,78,1,FALSE
Caterpie,Bug,None,12,0,195,45,30,35,20,20,45,1,FALSE
Metapod,Bug,None,12,0,205,50,20,55,25,25,30,1,FALSE
Butterfree,Bug,Flying,12,10,395,60,45,50,90,80,70,1,FALSE
Weedle,Bug,Poison,12,8,195,40,35,30,20,20,50,1,FALSE
Kakuna,Bug,Poison,12,8,205,45,25,50,25,25,35,1,FALSE
Beedrill,Bug,Poison,12,8,395,65,90,40,45,80,75,1,FALSE
BeedrillMega Beedrill,Bug,Poison,12,8,495,65,150,40,15,80,145,1,FALSE
Pidgey,Normal,Flying,1,10,251,40,45,40,35,35,56,1,FALSE
Pidgeotto,Normal,Flying,1,10,349,63,60,55,50,50,71,1,FALSE
Pidgeot,Normal,Flying,1,10,479,83,80,75,70,70,101,1,FALSE
PidgeotMega Pidgeot,Normal,Flying,1,10,579,83,80,80,135,80,121,1,FALSE
Rattata,Normal,None,1,0,253,30,56,35,25,35,72,1,FALSE
Raticate,Normal,None,1,0,413,55,81,60,50,70,97,1,FALSE
Spearow,Normal,Flying,1,10,262,40,60,30,31,31,70,1,FALSE
Fearow,Normal,Flying,1,10,442,65,90,65,61,61,100,1,FALSE
Ekans,Poison,None,8,0,288,35,60,44,40,54,55,1,FALSE
Arbok,Poison,None,8,0,438,60,85,69,65,79,80,1,FALSE
Pikachu,Electric,None,5,0,320,35,55,40,50,50,90,1,FALSE
Raichu,Electric,None,5,0,485,60,90,55,90,80,110,1,FALSE
Sandshrew,Ground,None,9,0,300,50,75,85,20,30,40,1,FALSE
Sandslash,Ground,None,9,0,450,75,100,110,45,55,65,1,FALSE
Nidoran♀,Poison,None,8,0,275,55,47,52,40,40,41,1,FALSE
Nidorina,Poison,None,8,0,365,70,62,67,55,55,56,1,FALSE
Nidoqueen,Poison,Ground,8,9,505,90,92,87,75,85,76,1,FALSE
Nidoran♂,Poison,None,8,0,273,46,57,40,40,40,50,1,FALSE
Nidorino,Poison,None,8,0,365,61,72,57,55,55,65,1,FALSE
Nidoking,Poison,Ground,8,9,505,81,102,77,85,75,85,1,FALSE
Clefairy,Fairy,None,18,0,323,70,45,48,60,65,35,1,FALSE
Clefable,Fairy,None,18,0,483,95,70,73,95,90,60,1,FALSE
Vulpix,Fire,None,2,0,299,38,41,40,50,65,65,1,FALSE
Ninetales,Fire,None,2,0,505,73,76,75,81,100,100,1,FALSE
Jigglypuff,Normal,Fairy,1,18,270,115,45,20,45,25,20,1,FALSE
Wigglytuff,Normal,Fairy,1,18,435,140,70,45,85,50,45,1,FALSE
Zubat,Poison,Flying,8,10,245,40,45,35,30,40,55,1,FALSE
Golbat,Poison,Flying,8,10,455,75,80,70,65,75,90,1,FALSE
Oddish,Grass,Poison,4,8,320,45,50,55,75,65,30,1,FALSE
Gloom,Grass,Poison,4,8,395,60,65,70,85,75,40,1,FALSE
Vileplume,Grass,Poison,4,8,490,75,80,85,110,90,50,1,FALSE
Paras,Bug,Grass,12,4,285,35,70,55,45,55,25,1,FALSE
Parasect,Bug,Grass,12,4,405,60,95,80,60,80,30,1,FALSE
Venonat,Bug,Poison,12,8,305,60,55,50,40,55,45,1,FALSE
Venomoth,Bug,Poison,12,8,450,70,65,60,90,75,90,1,FALSE
Diglett,Ground,None,9,0,265,10,55,25,35,45,95,1,FALSE
Dugtrio,Ground,None,9,0,405,35,80,50,50,70,120,1,FALSE
Meowth,Normal,None,1,0,290,40,45,35,40,40,90,1,FALSE
Persian,Normal,None,1,0,440,65,70,60,65,65,115,1,FALSE
Psyduck,Water,None,3,0,320,50,52,48,65,50,55,1,FALSE
Golduck,Water,None,3,0,500,80,82,78,95,80,85,1,FALSE
Mankey,Fighting,None,7,0,305,40,80,35,35,45,70,1,FALSE
Primeape,Fighting,None,7,0,455,65,105,60,60,70,95,1,FALSE
Growlithe,Fire,None,2,0,350,55,70,45,70,50,60,1,FALSE
Arcanine,Fire,None,2,0,555,90,110,80,100,80,95,1,FALSE
Poliwag,Water,None,3,0,300,40,50,40,40,40,90,1,FALSE
Poliwhirl,Water,None,3,0,385,65,65,65,50,50,90,1,FALSE
Poliwrath,Water,Fighting,3,7,510,90,95,95,70,90,70,1,FALSE
Abra,Psychic,None,11,0,310,25,20,15,105,55,90,1,FALSE
Kadabra,Psychic,None,11,0,400,40,35,30,120,70,105,1,FALSE
Alakazam,Psychic,None,11,0,500,55,50,45,135,95,120,1,FALSE
AlakazamMega Alakazam,Psychic,None,11,0,590,55,50,65,175,95,150,1,FALSE
Machop,Fighting,None,7,0,305,70,80,50,35,35,35,1,FALSE
Machoke,Fighting,None,7,0,405,80,100,70,50,60,45,1,FALSE
Machamp,Fighting,None,7,0,505,90,130,80,65,85,55,1,FALSE
Bellsprout,Grass,Poison,4,8,300,50,75,35,70,30,40,1,FALSE
Weepinbell,Grass,Poison,4,8,390,65,90,50,85,45,55,1,FALSE
Victreebel,Grass,Poison,4,8,490,80,105,65,100,70,70,1,FALSE
Tentacool,Water,Poison,3,8,335,40,40,35,50,100,70,1,FALSE
Tentacruel,Water,Poison,3,8,515,80,70,65,80,120,100,1,FALSE
Geodude,Rock,Ground,13,9,300,40,80,100,30,30,20,1,FALSE
Graveler,Rock,Ground,13,9,390,55,95,115,45,45,35,1,FALSE
Golem,Rock,Ground,13,9,495,80,120,130,55,65,45,1,FALSE
Ponyta,Fire,None,2,0,410,50,85,55,65,65,90,1,FALSE
Rapidash,Fire,None,2,0,500,65,100,70,80,80,105,1,FALSE
Slowpoke,Water,Psychic,3,11,315,90,65,65,40,40,15,1,FALSE
Slowbro,Water,Psychic,3,11,490,95,75,110,100,80,30,1,FALSE
SlowbroMega Slowbro,Water,Psychic,3,11,590,95,75,180,130,80,30,1,FALSE
Magnemite,Electric,Steel,5,17,325,25,35,70,95,55,45,1,FALSE
Magneton,Electric,Steel,5,17,465,50,60,95,120,70,70,1,FALSE
Farfetch'd,Normal,Flying,1,10,352,52,65,55,58,62,60,1,FALSE
Doduo,Normal,Flying,1,10,310,35,85,45,35,35,75,1,FALSE
Dodrio,Normal,Flying,1,10,460,60,110,70,60,60,100,1,FALSE
Seel,Water,None,3,0,325,65,45,55,45,70,45,1,FALSE
Dewgong,Water,Ice,3,6,475,90,70,80,70,95,70,1,FALSE
Grimer,Poison,None,8,0,325,80,80,50,40,50,25,1,FALSE
Muk,Poison,None,8,0,500,105,105,75,65,100,50,1,FALSE
Shellder,Water,None,3,0,305,30,65,100,45,25,40,1,FALSE
Cloyster,Water,Ice,3,6,525,50,95,180,85,45,70,1,FALSE
Gastly,Ghost,Poison,14,8,310,30,35,30,100,35,80,1,FALSE
Haunter,Ghost,Poison,14,8,405,45,50,45,115,55,95,1,FALSE
Gengar,Ghost,Poison,14,8,500,60,65,60,130,75,110,1,FALSE
GengarMega Gengar,Ghost,Poison,14,8,600,60,65,80,170,95,130,1,FALSE
Onix,Rock,Ground,13,9,385,35,45,160,30,45,70,1,FALSE
Drowzee,Psychic,None,11,0,328,60,48,45,43,90,42,1,FALSE
Hypno,Psychic,None,11,0,483,85,73,70,73,115,67,1,FALSE
Krabby,Water,None,3,0,325,30,105,90,25,25,50,1,FALSE
Kingler,Water,None,3,0,475,55,130,115,50,50,75,1,FALSE
Voltorb,Electric,None,5,0,330,40,30,50,55,55,100,1,FALSE
Electrode,Electric,None,5,0,480,60,50,70,80,80,140,1,FALSE
Exeggcute,Grass,Psychic,4,11,325,60,40,80,60,45,40,1,FALSE
Exeggutor,Grass,Psychic,4,11,520,95,95,85,125,65,55,1,FALSE
Cubone,Ground,None,9,0,320,50,50,95,40,50,35,1,FALSE
Marowak,Ground,None,9,0,425,60,80,110,50,80,45,1,FALSE
Hitmonlee,Fighting,None,7,0,455,50,120,53,35,110,87,1,FALSE
Hitmonchan,Fighting,None,7,0,455,50,105,79,35,110,76,1,FALSE
Lickitung,Normal,None,1,0,385,90,55,75,60,75,30,1,FALSE
Koffing,Poison,None,8,0,340,40,65,95,60,45,35,1,FALSE
Weezing,Poison,None,8,0,490,65,90,120,85,70,60,1,FALSE
Rhyhorn,Ground,Rock,9,13,345,80,85,95,30,30,25,1,FALSE
Rhydon,Ground,Rock,9,13,485,105,130,120,45,45,40,1,FALSE
Chansey,Normal,None,1,0,450,250,5,5,35,105,50,1,FALSE
Tangela,Grass,None,4,0,435,65,55,115,100,40,60,1,FALSE
Kangaskhan,Normal,None,1,0,490,105,95,80,40,80,90,1,FALSE
KangaskhanMega Kangaskhan,Normal,None,1,0,590,105,125,100,60,100,100,1,FALSE
Horsea,Water,None,3,0,295,30,40,70,70,25,60,1,FALSE
Seadra,Water,None,3,0,440,55,65,95,95,45,85,1,FALSE
Goldeen,Water,None,3,0,320,45,67,60,35,50,63,1,FALSE
Seaking,Water,None,3,0,450,80,92,65,65,80,68,1,FALSE
Staryu,Water,None,3,0,340,30,45,55,70,55,85,1,FALSE
Starmie,Water,Psychic,3,11,520,60,75,85,100,85,115,1,FALSE
Mr. Mime,Psychic,Fairy,11,18,460,40,45,65,100,120,90,1,FALSE
Scyther,Bug,Flying,12,10,500,70,110,80,55,80,105,1,FALSE
Jynx,Ice,Psychic,6,11,455,65,50,35,115,95,95,1,FALSE
Electabuzz,Electric,None,5,0,490,65,83,57,95,85,105,1,FALSE
Magmar,Fire,None,2,0,495,65,95,57,100,85,93,1,FALSE
Pinsir,Bug,None,12,0,500,65,125,100,55,70,85,1,FALSE
PinsirMega Pinsir,Bug,Flying,12,10,600,65,155,120,65,90,105,1,FALSE
Tauros,Normal,None,1,0,490,75,100,95,40,70,110,1,FALSE
Magikarp,Water,None,3,0,200,20,10,55,15,20,80,1,FALSE
Gyarados,Water,Flying,3,10,540,95,125,79,60,100,81,1,FALSE
GyaradosMega Gyarados,Water,Dark,3,16,640,95,155,109,70,130,81,1,FALSE
Lapras,Water,Ice,3,6,535,130,85,80,85,95,60,1,FALSE
Ditto,Normal,None,1,0,288,48,48,48,48,48,48,1,FALSE
Eevee,Normal,None,1,0,325,55,55,50,45,65,55,1,FALSE
Vaporeon,Water,None,3,0,525,130,65,60,110,95,65,1,FALSE
Jolteon,Electric,None,5,0,525,65,65,60,110,95,130,1,FALSE
Flareon,Fire,None,2,0,525,65,130,60,95,110,65,1,FALSE
Porygon,Normal,None,1,0,395,65,60,70,85,75,40,1,FALSE
Omanyte,Rock,Water,13,3,355,35,40,100,90,55,35,1,FALSE
Omastar,Rock,Water,13,3,495,70,60,125,115,70,55,1,FALSE
Kabuto,Rock,Water,13,3,355,30,80,90,55,45,55,1,FALSE
Kabutops,Rock,Water,13,3,495,60,115,105,65,70,80,1,FALSE
Aerodactyl,Rock,Flying,13,10,515,80,105,65,60,75,130,1,FALSE
AerodactylMega Aerodactyl,Rock,Flying,13,10,615,80,135,85,70,95,150,1,FALSE
Snorlax,Normal,None,1,0,540,160,110,65,65,110,30,1,FALSE
Articuno,Ice,Flying,6,10,580,90,85,100,95,125,85,1,TRUE
Zapdos,Electric,Flying,5,10,580,90,90,85,125,90,100,1,TRUE
Moltres,Fire,Flying,2,10,580,90,100,90,125,85,90,1,TRUE
Dratini,Dragon,None,15,0,300,41,64,45,50,50,50,1,FALSE
Dragonair,Dragon,None,15,0,420,61,84,65,70,70,70,1,FALSE
Dragonite,Dragon,Flying,15,10,600,91,134,95,100,100,80,1,FALSE
Mewtwo,Psychic,None,11,0,680,106,110,90,154,90,130,1,TRUE
MewtwoMega Mewtwo X,Psychic,Fighting,11,7,780,106,190,100,154,100,130,1,TRUE
MewtwoMega Mewtwo Y,Psychic,None,11,0,780,106,150,70,194,120,140,1,TRUE
Mew,Psychic,None,11,0,600,100,100,100,100,100,100,1,FALSE
Chikorita,Grass,None,4,0,318,45,49,65,49,65,45,2,FALSE
Bayleef,Grass,None,4,0,405,60,62,80,63,80,60,2,FALSE
Meganium,Grass,None,4,0,525,80,82,100,83,100,80,2,FALSE
Cyndaquil,Fire,None,2,0,309,39,52,43,60,50,65,2,FALSE
Quilava,Fire,None,2,0,405,58,64,58,80,65,80,2,FALSE
Typhlosion,Fire,None,2,0,534,78,84,78,109,85,100,2,FALSE
Totodile,Water,None,3,0,314,50,65,64,44,48,43,2,FALSE
Croconaw,Water,None,3,0,405,65,80,80,59,63,58,2,FALSE
Feraligatr,Water,None,3,0,530,85,105,100,79,83,78,2,FALSE
Sentret,Normal,None,1,0,215,35,46,34,35,45,20,2,FALSE
Furret,Normal,None,1,0,415,85,76,64,45,55,90,2,FALSE
Hoothoot,Normal,Flying,1,10,262,60,30,30,36,56,50,2,FALSE
Noctowl,Normal,Flying,1,10,442,100,50,50,76,96,70,2,FALSE
Ledyba,Bug,Flying,12,10,265,40,20,30,40,80,55,2,FALSE
Ledian,Bug,Flying,12,10,390,55,35,50,55,110,85,2,FALSE
Spinarak,Bug,Poison,12,8,250,40,60,40,40,40,30,2,FALSE
Ariados,Bug,Poison,12,8,390,70,90,70,60,60,40,2,FALSE
Crobat,Poison,Flying,8,10,535,85,90,80,70,80,130,2,FALSE
Chinchou,Water,Electric,3,5,330,75,38,38,56,56,67,2,FALSE
Lanturn,Water,Electric,3,5,460,125,58,58,76,76,67,2,FALSE
Pichu,Electric,None,5,0,205,20,40,15,35,35,60,2,FALSE
Cleffa,Fairy,None,18,0,218,50,25,28,45,55,15,2,FALSE
Igglybuff,Normal,Fairy,1,18,210,90,30,15,40,20,15,2,FALSE
Togepi,Fairy,None,18,0,245,35,20,65,40,65,20,2,FALSE
Togetic,Fairy,Flying,18,10,405,55,40,85,80,105,40,2,FALSE
Natu,Psychic,Flying,11,10,320,40,50,45,70,45,70,2,FALSE
Xatu,Psychic,Flying,11,10,470,65,75,70,95,70,95,2,FALSE
Mareep,Electric,None,5,0,280,55,40,40,65,45,35,2,FALSE
Flaaffy,Electric,None,5,0,365,70,55,55,80,60,45,2,FALSE
Ampharos,Electric,None,5,0,510,90,75,85,115,90,55,2,FALSE
AmpharosMega Ampharos,Electric,Dragon,5,15,610,90,95,105,165,110,45,2,FALSE
Bellossom,Grass,None,4,0,490,75,80,95,90,100,50,2,FALSE
Marill,Water,Fairy,3,18,250,70,20,50,20,50,40,2,FALSE
Azumarill,Water,Fairy,3,18,420,100,50,80,60,80,50,2,FALSE
Sudowoodo,Rock,None,13,0,410,70,100,115,30,65,30,2,FALSE
Politoed,Water,None,3,0,500,90,75,75,90,100,70,2,FALSE
Hoppip,Grass,Flying,4,10,250,35,35,40,35,55,50,2,FALSE
Skiploom,Grass,Flying,4,10,340,55,45,50,45,65,80,2,FALSE
Jumpluff,Grass,Flying,4,10,460,75,55,70,55,95,110,2,FALSE
Aipom,Normal,None,1,0,360,55,70,55,40,55,85,2,FALSE
Sunkern,Grass,None,4,0,180,30,30,30,30,30,30,2,FALSE
Sunflora,Grass,None,4,0,425,75,75,55,105,85,30,2,FALSE
Yanma,Bug,Flying,12,10,390,65,65,45,75,45,95,2,FALSE
Wooper,Water,Ground,3,9,210,55,45,45,25,25,15,2,FALSE
Quagsire,Water,Ground,3,9,430,95,85,85,65,65,35,2,FALSE
Espeon,Psychic,None,11,0,525,65,65,60,130,95,110,2,FALSE
Umbreon,Dark,None,16,0,525,95,65,110,60,130,65,2,FALSE
Murkrow,Dark,Flying,16,10,405,60,85,42,85,42,91,2,FALSE
Slowking,Water,Psychic,3,11,490,95,75,80,100,110,30,2,FALSE
Misdreavus,Ghost,None,14,0,435,60,60,60,85,85,85,2,FALSE
Unown,Psychic,None,11,0,336,48,72,48,72,48,48,2,FALSE
Wobbuffet,Psychic,None,11,0,405,190,33,58,33,58,33,2,FALSE
Girafarig,Normal,Psychic,1,11,455,70,80,65,90,65,85,2,FALSE
Pineco,Bug,None,12,0,290,50,65,90,35,35,15,2,FALSE
Forretress,Bug,Steel,12,17,465,75,90,140,60,60,40,2,FALSE
Dunsparce,Normal,None,1,0,415,100,70,70,65,65,45,2,FALSE
Gligar,Ground,Flying,9,10,430,65,75,105,35,65,85,2,FALSE
Steelix,Steel,Ground,17,9,510,75,85,200,55,65,30,2,FALSE
SteelixMega Steelix,Steel,Ground,17,9,610,75,125,230,55,95,30,2,FALSE
Snubbull,Fairy,None,18,0,300,60,80,50,40,40,30,2,FALSE
Granbull,Fairy,None,18,0,450,90,120,75,60,60,45,2,FALSE
Qwilfish,Water,Poison,3,8,430,65,95,75,55,55,85,2,FALSE
Scizor,Bug,Steel,12,17,500,70,130,100,55,80,65,2,FALSE
ScizorMega Scizor,Bug,Steel,12,17,600,70,150,140,65,100,75,2,FALSE
Shuckle,Bug,Rock,12,13,505,20,10,230,10,230,5,2,FALSE
Heracross,Bug,Fighting,12,7,500,80,125,75,40,95,85,2,FALSE
HeracrossMega Heracross,Bug,Fighting,12,7,600,80,185,115,40,105,75,2,FALSE
Sneasel,Dark,Ice,16,6,430,55,95,55,35,75,115,2,FALSE
Teddiursa,Normal,None,1,0,330,60,80,50,50,50,40,2,FALSE
Ursaring,Normal,None,1,0,500,90,130,75,75,75,55,2,FALSE
Slugma,Fire,None,2,0,250,40,40,40,70,40,20,2,FALSE
Magcargo,Fire,Rock,2,13,410,50,50,120,80,80,30,2,FALSE
Swinub,Ice,Ground,6,9,250,50,50,40,30,30,50,2,FALSE
Piloswine,Ice,Ground,6,9,450,100,100,80,60,60,50,2,FALSE
Corsola,Water,Rock,3,13,380,55,55,85,65,85,35,2,FALSE
Remoraid,Water,None,3,0,300,35,65,35,65,35,65,2,FALSE
Octillery,Water,None,3,0,480,75,105,75,105,75,45,2,FALSE
Delibird,Ice,Flying,6,10,330,45,55,45,65,45,75,2,FALSE
Mantine,Water,Flying,3,10,465,65,40,70,80,140,70,2,FALSE
Skarmory,Steel,Flying,17,10,465,65,80,140,40,70,70,2,FALSE
Houndour,Dark,Fire,16,2,330,45,60,30,80,50,65,2,FALSE
Houndoom,Dark,Fire,16,2,500,75,90,50,110,80,95,2,FALSE
HoundoomMega Houndoom,Dark,Fire,16,2,600,75,90,90,140,90,115,2,FALSE
Kingdra,Water,Dragon,3,15,540,75,95,95,95,95,85,2,FALSE
Phanpy,Ground,None,9,0,330,90,60,60,40,40,40,2,FALSE
Donphan,Ground,None,9,0,500,90,120,120,60,60,50,2,FALSE
Porygon2,Normal,None,1,0,515,85,80,90,105,95,60,2,FALSE
Stantler,Normal,None,1,0,465,73,95,62,85,65,85,2,FALSE
Smeargle,Normal,None,1,0,250,55,20,35,20,45,75,2,FALSE
Tyrogue,Fighting,None,7,0,210,35,35,35,35,35,35,2,FALSE
Hitmontop,Fighting,None,7,0,455,50,95,95,35,110,70,2,FALSE
Smoochum,Ice,Psychic,6,11,305,45,30,15,85,65,65,2,FALSE
Elekid,Electric,None,5,0,360,45,63,37,65,55,95,2,FALSE
Magby,Fire,None,2,0,365,45,75,37,70,55,83,2,FALSE
Miltank,Normal,None,1,0,490,95,80,105,40,70,100,2,FALSE
Blissey,Normal,None,1,0,540,255,10,10,75,135,55,2,FALSE
Raikou,Electric,None,5,0,580,90,85,75,115,100,115,2,TRUE
Entei,Fire,None,2,0,580,115,115,85,90,75,100,2,TRUE
Suicune,Water,None,3,0,580,100,75,115,90,115,85,2,TRUE
Larvitar,Rock,Ground,13,9,300,50,64,50,45,50,41,2,FALSE
Pupitar,Rock,Ground,13,9,410,70,84,70,65,70,51,2,FALSE
Tyranitar,Rock,Dark,13,16,600,100,134,110,95,100,61,2,FALSE
TyranitarMega Tyranitar,Rock,Dark,13,16,700,100,164,150,95,120,71,2,FALSE
Lugia,Psychic,Flying,11,10,680,106,90,130,90,154,110,2,TRUE
Ho-oh,Fire,Flying,2,10,680,106,130,90,110,154,90,2,TRUE
Celebi,Psychic,Grass,11,4,600,100,100,100,100,100,100,2,FALSE
Treecko,Grass,None,4,0,310,40,45,35,65,55,70,3,FALSE
Grovyle,Grass,None,4,0,405,50,65,45,85,65,95,3,FALSE
Sceptile,Grass,None,4,0,530,70,85,65,105,85,120,3,FALSE
SceptileMega Sceptile,Grass,Dragon,4,15,630,70,110,75,145,85,145,3,FALSE
Torchic,Fire,None,2,0,310,45,60,40,70,50,45,3,FALSE
Combusken,Fire,Fighting,2,7,405,60,85,60,85,60,55,3,FALSE
Blaziken,Fire,Fighting,2,7,530,80,120,70,110,70,80,3,FALSE
BlazikenMega Blaziken,Fire,Fighting,2,7,630,80,160,80,130,80,100,3,FALSE
Mudkip,Water,None,3,0,310,50,70,50,50,50,40,3,FALSE
Marshtomp,Water,Ground,3,9,405,70,85,70,60,70,50,3,FALSE
Swampert,Water,Ground,3,9,535,100,110,90,85,90,60,3,FALSE
SwampertMega Swampert,Water,Ground,3,9,635,100,150,110,95,110,70,3,FALSE
Poochyena,Dark,None,16,0,220,35,55,35,30,30,35,3,FALSE
Mightyena,Dark,None,16,0,420,70,90,70,60,60,70,3,FALSE
Zigzagoon,Normal,None,1,0,240,38,30,41,30,41,60,3,FALSE
Linoone,Normal,None,1,0,420,78,70,61,50,61,100,3,FALSE
Wurmple,Bug,None,12,0,195,45,45,35,20,30,20,3,FALSE
Silcoon,Bug,None,12,0,205,50,35,55,25,25,15,3,FALSE
Beautifly,Bug,Flying,12,10,395,60,70,50,100,50,65,3,FALSE
Cascoon,Bug,None,12,0,205,50,35,55,25,25,15,3,FALSE
Dustox,Bug,Poison,12,8,385,60,50,70,50,90,65,3,FALSE
Lotad,Water,Grass,3,4,220,40,30,30,40,50,30,3,FALSE
Lombre,Water,Grass,3,4,340,60,50,50,60,70,50,3,FALSE
Ludicolo,Water,Grass,3,4,480,80,70,70,90,100,70,3,FALSE
Seedot,Grass,None,4,0,220,40,40,50,30,30,30,3,FALSE
Nuzleaf,Grass,Dark,4,16,340,70,70,40,60,40,60,3,FALSE
Shiftry,Grass,Dark,4,16,480,90,100,60,90,60,80,3,FALSE
Taillow,Normal,Flying,1,10,270,40,55,30,30,30,85,3,FALSE
Swellow,Normal,Flying,1,10,430,60,85,60,50,50,125,3,FALSE
Wingull,Water,Flying,3,10,270,40,30,30,55,30,85,3,FALSE
Pelipper,Water,Flying,3,10,430,60,50,100,85,70,65,3,FALSE
Ralts,Psychic,Fairy,11,18,198,28,25,25,45,35,40,3,FALSE
Kirlia,Psychic,Fairy,11,18,278,38,35,35,65,55,50,3,FALSE
Gardevoir,Psychic,Fairy,11,18,518,68,65,65,125,115,80,3,FALSE
GardevoirMega Gardevoir,Psychic,Fairy,11,18,618,68,85,65,165,135,100,3,FALSE
Surskit,Bug,Water,12,3,269,40,30,32,50,52,65,3,FALSE
Masquerain,Bug,Flying,12,10,414,70,60,62,80,82,60,3,FALSE
Shroomish,Grass,None,4,0,295,60,40,60,40,60,35,3,FALSE
Breloom,Grass,Fighting,4,7,460,60,130,80,60,60,70,3,FALSE
Slakoth,Normal,None,1,0,280,60,60,60,35,35,30,3,FALSE
Vigoroth,Normal,None,1,0,440,80,80,80,55,55,90,3,FALSE
Slaking,Normal,None,1,0,670,150,160,100,95,65,100,3,FALSE
Nincada,Bug,Ground,12,9,266,31,45,90,30,30,40,3,FALSE
Ninjask,Bug,Flying,12,10,456,61,90,45,50,50,160,3,FALSE
Shedinja,Bug,Ghost,12,14,236,1,90,45,30,30,40,3,FALSE
Whismur,Normal,None,1,0,240,64,51,23,51,23,28,3,FALSE
Loudred,Normal,None,1,0,360,84,71,43,71,43,48,3,FALSE
Exploud,Normal,None,1,0,490,104,91,63,91,73,68,3,FALSE
Makuhita,Fighting,None,7,0,237,72,60,30,20,30,25,3,FALSE
Hariyama,Fighting,None,7,0,474,144,120,60,40,60,50,3,FALSE
Azurill,Normal,Fairy,1,18,190,50,20,40,20,40,20,3,FALSE
Nosepass,Rock,None,13,0,375,30,45,135,45,90,30,3,FALSE
Skitty,Normal,None,1,0,260,50,45,45,35,35,50,3,FALSE
Delcatty,Normal,None,1,0,380,70,65,65,55,55,70,3,FALSE
Sableye,Dark,Ghost,16,14,380,50,75,75,65,65,50,3,FALSE
SableyeMega Sableye,Dark,Ghost,16,14,480,50,85,125,85,115,20,3,FALSE
Mawile,Steel,Fairy,17,18,380,50,85,85,55,55,50,3,FALSE
MawileMega Mawile,Steel,Fairy,17,18,480,50,105,125,55,95,50,3,FALSE
Aron,Steel,Rock,17,13,330,50,70,100,40,40,30,3,FALSE
Lairon,Steel,Rock,17,13,430,60,90,140,50,50,40,3,FALSE
Aggron,Steel,Rock,17,13,530,70,110,180,60,60,50,3,FALSE
AggronMega Aggron,Steel,None,17,0,630,70,140,230,60,80,50,3,FALSE
Meditite,Fighting,Psychic,7,11,280,30,40,55,40,55,60,3,FALSE
Medicham,Fighting,Psychic,7,11,410,60,60,75,60,75,80,3,FALSE
MedichamMega Medicham,Fighting,Psychic,7,11,510,60,100,85,80,85,100,3,FALSE
Electrike,Electric,None,5,0,295,40,45,40,65,40,65,3,FALSE
Manectric,Electric,None,5,0,475,70,75,60,105,60,105,3,FALSE
ManectricMega Manectric,Electric,None,5,0,575,70,75,80,135,80,135,3,FALSE
Plusle,Electric,None,5,0,405,60,50,40,85,75,95,3,FALSE
Minun,Electric,None,5,0,405,60,40,50,75,85,95,3,FALSE
Volbeat,Bug,None,12,0,400,65,73,55,47,75,85,3,FALSE
Illumise,Bug,None,12,0,400,65,47,55,73,75,85,3,FALSE
Roselia,Grass,Poison,4,8,400,50,60,45,100,80,65,3,FALSE
Gulpin,Poison,None,8,0,302,70,43,53,43,53,40,3,FALSE
Swalot,Poison,None,8,0,467,100,73,83,73,83,55,3,FALSE
Carvanha,Water,Dark,3,16,305,45,90,20,65,20,65,3,FALSE
Sharpedo,Water,Dark,3,16,460,70,120,40,95,40,95,3,FALSE
SharpedoMega Sharpedo,Water,Dark,3,16,560,70,140,70,110,65,105,3,FALSE
Wailmer,Water,None,3,0,400,130,70,35,70,35,60,3,FALSE
Wailord,Water,None,3,0,500,170,90,45,90,45,60,3,FALSE
Numel,Fire,Ground,2,9,305,60,60,40,65,45,35,3,FALSE
Camerupt,Fire,Ground,2,9,460,70,100,70,105,75,40,3,FALSE
CameruptMega Camerupt,Fire,Ground,2,9,560,70,120,100,145,105,20,3,FALSE
Torkoal,Fire,None,2,0,470,70,85,140,85,70,20,3,FALSE
Spoink,Psychic,None,11,0,330,60,25,35,70,80,60,3,FALSE
Grumpig,Psychic,None,11,0,470,80,45,65,90,110,80,3,FALSE
Spinda,Normal,None,1,0,360,60,60,60,60,60,60,3,FALSE
Trapinch,Ground,None,9,0,290,45,100,45,45,45,10,3,FALSE
Vibrava,Ground,Dragon,9,15,340,50,70,50,50,50,70,3,FALSE
Flygon,Ground,Dragon,9,15,520,80,100,80,80,80,100,3,FALSE
Cacnea,Grass,None,4,0,335,50,85,40,85,40,35,3,FALSE
Cacturne,Grass,Dark,4,16,475,70,115,60,115,60,55,3,FALSE
Swablu,Normal,Flying,1,10,310,45,40,60,40,75,50,3,FALSE
Altaria,Dragon,Flying,15,10,490,75,70,90,70,105,80,3,FALSE
AltariaMega Altaria,Dragon,Fairy,15,18,590,75,110,110,110,105,80,3,FALSE
Zangoose,Normal,None,1,0,458,73,115,60,60,60,90,3,FALSE
Seviper,Poison,None,8,0,458,73,100,60,100,60,65,3,FALSE
Lunatone,Rock,Psychic,13,11,440,70,55,65,95,85,70,3,FALSE
Solrock,Rock,Psychic,13,11,440,70,95,85,55,65,70,3,FALSE
Barboach,Water,Ground,3,9,288,50,48,43,46,41,60,3,FALSE
Whiscash,Water,Ground,3,9,468,110,78,73,76,71,60,3,FALSE
Corphish,Water,None,3,0,308,43,80,65,50,35,35,3,FALSE
Crawdaunt,Water,Dark,3,16,468,63,120,85,90,55,55,3,FALSE
Baltoy,Ground,Psychic,9,11,300,40,40,55,40,70,55,3,FALSE
Claydol,Ground,Psychic,9,11,500,60,70,105,70,120,75,3,FALSE
Lileep,Rock,Grass,13,4,355,66,41,77,61,87,23,3,FALSE
Cradily,Rock,Grass,13,4,495,86,81,97,81,107,43,3,FALSE
Anorith,Rock,Bug,13,12,355,45,95,50,40,50,75,3,FALSE
Armaldo,Rock,Bug,13,12,495,75,125,100,70,80,45,3,FALSE
Feebas,Water,None,3,0,200,20,15,20,10,55,80,3,FALSE
Milotic,Water,None,3,0,540,95,60,79,100,125,81,3,FALSE
Castform,Normal,None,1,0,420,70,70,70,70,70,70,3,FALSE
Kecleon,Normal,None,1,0,440,60,90,70,60,120,40,3,FALSE
Shuppet,Ghost,None,14,0,295,44,75,35,63,33,45,3,FALSE
Banette,Ghost,None,14,0,455,64,115,65,83,63,65,3,FALSE
BanetteMega Banette,Ghost,None,14,0,555,64,165,75,93,83,75,3,FALSE
Duskull,Ghost,None,14,0,295,20,40,90,30,90,25,3,FALSE
Dusclops,Ghost,None,14,0,455,40,70,130,60,130,25,3,FALSE
Tropius,Grass,Flying,4,10,460,99,68,83,72,87,51,3,FALSE
Chimecho,Psychic,None,11,0,425,65,50,70,95,80,65,3,FALSE
Absol,Dark,None,16,0,465,65,130,60,75,60,75,3,FALSE
AbsolMega Absol,Dark,None,16,0,565,65,150,60,115,60,115,3,FALSE
Wynaut,Psychic,None,11,0,260,95,23,48,23,48,23,3,FALSE
Snorunt,Ice,None,6,0,300,50,50,50,50,50,50,3,FALSE
Glalie,Ice,None,6,0,480,80,80,80,80,80,80,3,FALSE
GlalieMega Glalie,Ice,None,6,0,580,80,120,80,120,80,100,3,FALSE
Spheal,Ice,Water,6,3,290,70,40,50,55,50,25,3,FALSE
Sealeo,Ice,Water,6,3,410,90,60,70,75,70,45,3,FALSE
Walrein,Ice,Water,6,3,530,110,80,90,95,90,65,3,FALSE
Clamperl,Water,None,3,0,345,35,64,85,74,55,32,3,FALSE
Huntail,Water,None,3,0,485,55,104,105,94,75,52,3,FALSE
Gorebyss,Water,None,3,0,485,55,84,105,114,75,52,3,FALSE
Relicanth,Water,Rock,3,13,485,100,90,130,45,65,55,3,FALSE
Luvdisc,Water,None,3,0,330,43,30,55,40,65,97,3,FALSE
Bagon,Dragon,None,15,0,300,45,75,60,40,30,50,3,FALSE
Shelgon,Dragon,None,15,0,420,65,95,100,60,50,50,3,FALSE
Salamence,Dragon,Flying,15,10,600,95,135,80,110,80,100,3,FALSE
SalamenceMega Salamence,Dragon,Flying,15,10,700,95,145,130,120,90,120,3,FALSE
Beldum,Steel,Psychic,17,11,300,40,55,80,35,60,30,3,FALSE
Metang,Steel,Psychic,17,11,420,60,75,100,55,80,50,3,FALSE
Metagross,Steel,Psychic,17,11,600,80,135,130,95,90,70,3,FALSE
MetagrossMega Metagross,Steel,Psychic,17,11,700,80,145,150,105,110,110,3,FALSE
Regirock,Rock,None,13,0,580,80,100,200,50,100,50,3,TRUE
Regice,Ice,None,6,0,580,80,50,100,100,200,50,3,TRUE
Registeel,Steel,None,17,0,580,80,75,150,75,150,50,3,TRUE
Latias,Dragon,Psychic,15,11,600,80,80,90,110,130,110,3,TRUE
LatiasMega Latias,Dragon,Psychic,15,11,700,80,100,120,140,150,110,3,TRUE
Latios,Dragon,Psychic,15,11,600,80,90,80,130,110,110,3,TRUE
LatiosMega Latios,Dragon,Psychic,15,11,700,80,130,100,160,120,110,3,TRUE
Kyogre,Water,None,3,0,670,100,100,90,150,140,90,3,TRUE
KyogrePrimal Kyogre,Water,None,3,0,770,100,150,90,180,160,90,3,TRUE
Groudon,Ground,None,9,0,670,100,150,140,100,90,90,3,TRUE
GroudonPrimal Groudon,Ground,Fire,9,2,770,100,180,160,150,90,90,3,TRUE
Rayquaza,Dragon,Flying,15,10,680,105,150,90,150,90,95,3,TRUE
RayquazaMega Rayquaza,Dragon,Flying,15,10,780,105,180,100,180,100,115,3,TRUE
Jirachi,Steel,Psychic,17,11,600,100,100,100,100,100,100,3,TRUE
DeoxysNormal Forme,Psychic,None,11,0,600,50,150,50,150,50,150,3,TRUE
DeoxysAttack Forme,Psychic,None,11,0,600,50,180,20,180,20,150,3,TRUE
DeoxysDefense Forme,Psychic,None,11,0,600,50,70,160,70,160,90,3,TRUE
DeoxysSpeed Forme,Psychic,None,11,0,600,50,95,90,95,90,180,3,TRUE
Turtwig,Grass,None,4,0,318,55,68,64,45,55,31,4,FALSE
Grotle,Grass,None,4,0,405,75,89,85,55,65,36,4,FALSE
Torterra,Grass,Ground,4,9,525,95,109,105,75,85,56,4,FALSE
Chimchar,Fire,None,2,0,309,44,58,44,58,44,61,4,FALSE
Monferno,Fire,Fighting,2,7,405,64,78,52,78,52,81,4,FALSE
Infernape,Fire,Fighting,2,7,534,76,104,71,104,71,108,4,FALSE
Piplup,Water,None,3,0,314,53,51,53,61,56,40,4,FALSE
Prinplup,Water,None,3,0,405,64,66,68,81,76,50,4,FALSE
Empoleon,Water,Steel,3,17,530,84,86,88,111,101,60,4,FALSE
Starly,Normal,Flying,1,10,245,40,55,30,30,30,60,4,FALSE
Staravia,Normal,Flying,1,10,340,55,75,50,40,40,80,4,FALSE
Staraptor,Normal,Flying,1,10,485,85,120,70,50,60,100,4,FALSE
Bidoof,Normal,None,1,0,250,59,45,40,35,40,31,4,FALSE
Bibarel,Normal,Water,1,3,410,79,85,60,55,60,71,4,FALSE
Kricketot,Bug,None,12,0,194,37,25,41,25,41,25,4,FALSE
Kricketune,Bug,None,12,0,384,77,85,51,55,51,65,4,FALSE
Shinx,Electric,None,5,0,263,45,65,34,40,34,45,4,FALSE
Luxio,Electric,None,5,0,363,60,85,49,60,49,60,4,FALSE
Luxray,Electric,None,5,0,523,80,120,79,95,79,70,4,FALSE
Budew,Grass,Poison,4,8,280,40,30,35,50,70,55,4,FALSE
Roserade,Grass,Poison,4,8,515,60,70,65,125,105,90,4,FALSE
Cranidos,Rock,None,13,0,350,67,125,40,30,30,58,4,FALSE
Rampardos,Rock,None,13,0,495,97,165,60,65,50,58,4,FALSE
Shieldon,Rock,Steel,13,17,350,30,42,118,42,88,30,4,FALSE
Bastiodon,Rock,Steel,13,17,495,60,52,168,47,138,30,4,FALSE
Burmy,Bug,None,12,0,224,40,29,45,29,45,36,4,FALSE
WormadamPlant Cloak,Bug,Grass,12,4,424,60,59,85,79,105,36,4,FALSE
WormadamSandy Cloak,Bug,Ground,12,9,424,60,79,105,59,85,36,4,FALSE
WormadamTrash Cloak,Bug,Steel,12,17,424,60,69,95,69,95,36,4,FALSE
Mothim,Bug,Flying,12,10,424,70,94,50,94,50,66,4,FALSE
Combee,Bug,Flying,12,10,244,30,30,42,30,42,70,4,FALSE
Vespiquen,Bug,Flying,12,10,474,70,80,102,80,102,40,4,FALSE
Pachirisu,Electric,None,5,0,405,60,45,70,45,90,95,4,FALSE
Buizel,Water,None,3,0,330,55,65,35,60,30,85,4,FALSE
Floatzel,Water,None,3,0,495,85,105,55,85,50,115,4,FALSE
Cherubi,Grass,None,4,0,275,45,35,45,62,53,35,4,FALSE
Cherrim,Grass,None,4,0,450,70,60,70,87,78,85,4,FALSE
Shellos,Water,None,3,0,325,76,48,48,57,62,34,4,FALSE
Gastrodon,Water,Ground,3,9,475,111,83,68,92,82,39,4,FALSE
Ambipom,Normal,None,1,0,482,75,100,66,60,66,115,4,FALSE
Drifloon,Ghost,Flying,14,10,348,90,50,34,60,44,70,4,FALSE
Drifblim,Ghost,Flying,14,10,498,150,80,44,90,54,80,4,FALSE
Buneary,Normal,None,1,0,350,55,66,44,44,56,85,4,FALSE
Lopunny,Normal,None,1,0,480,65,76,84,54,96,105,4,FALSE
LopunnyMega Lopunny,Normal,Fighting,1,7,580,65,136,94,54,96,135,4,FALSE
Mismagius,Ghost,None,14,0,495,60,60,60,105,105,105,4,FALSE
Honchkrow,Dark,Flying,16,10,505,100,125,52,105,52,71,4,FALSE
Glameow,Normal,None,1,0,310,49,55,42,42,37,85,4,FALSE
Purugly,Normal,None,1,0,452,71,82,64,64,59,112,4,FALSE
Chingling,Psychic,None,11,0,285,45,30,50,65,50,45,4,FALSE
Stunky,Poison,Dark,8,16,329,63,63,47,41,41,74,4,FALSE
Skuntank,Poison,Dark,8,16,479,103,93,67,71,61,84,4,FALSE
Bronzor,Steel,Psychic,17,11,300,57,24,86,24,86,23,4,FALSE
Bronzong,Steel,Psychic,17,11,500,67,89,116,79,116,33,4,FALSE
Bonsly,Rock,None,13,0,290,50,80,95,10,45,10,4,FALSE
Mime Jr.,Psychic,Fairy,11,18,310,20,25,45,70,90,60,4,FALSE
Happiny,Normal,None,1,0,220,100,5,5,15,65,30,4,FALSE
Chatot,Normal,Flying,1,10,411,76,65,45,92,42,91,4,FALSE
Spiritomb,Ghost,Dark,14,16,485,50,92,108,92,108,35,4,FALSE
Gible,Dragon,Ground,15,9,300,58,70,45,40,45,42,4,FALSE
Gabite,Dragon,Ground,15,9,410,68,90,65,50,55,82,4,FALSE
Garchomp,Dragon,Ground,15,9,600,108,130,95,80,85,102,4,FALSE
GarchompMega Garchomp,Dragon,Ground,15,9,700,108,170,115,120,95,92,4,FALSE
Munchlax,Normal,None,1,0,390,135,85,40,40,85,5,4,FALSE
Riolu,Fighting,None,7,0,285,40,70,40,35,40,60,4,FALSE
Lucario,Fighting,Steel,7,17,525,70,110,70,115,70,90,4,FALSE
LucarioMega Lucario,Fighting,Steel,7,17,625,70,145,88,140,70,112,4,FALSE
Hippopotas,Ground,None,9,0,330,68,72,78,38,42,32,4,FALSE
Hippowdon,Ground,None,9,0,525,108,112,118,68,72,47,4,FALSE
Skorupi,Poison,Bug,8,12,330,40,50,90,30,55,65,4,FALSE
Drapion,Poison,Dark,8,16,500,70,90,110,60,75,95,4,FALSE
Croagunk,Poison,Fighting,8,7,300,48,61,40,61,40,50,4,FALSE
Toxicroak,Poison,Fighting,8,7,490,83,106,65,86,65,85,4,FALSE
Carnivine,Grass,None,4,0,454,74,100,72,90,72,46,4,FALSE
Finneon,Water,None,3,0,330,49,49,56,49,61,66,4,FALSE
Lumineon,Water,None,3,0,460,69,69,76,69,86,91,4,FALSE
Mantyke,Water,Flying,3,10,345,45,20,50,60,120,50,4,FALSE
Snover,Grass,Ice,4,6,334,60,62,50,62,60,40,4,FALSE
Abomasnow,Grass,Ice,4,6,494,90,92,75,92,85,60,4,FALSE
AbomasnowMega Abomasnow,Grass,Ice,4,6,594,90,132,105,132,105,30,4,FALSE
Weavile,Dark,Ice,16,6,510,70,120,65,45,85,125,4,FALSE
Magnezone,Electric,Steel,5,17,535,70,70,115,130,90,60,4,FALSE
Lickilicky,Normal,None,1,0,515,110,85,95,80,95,50,4,FALSE
Rhyperior,Ground,Rock,9,13,535,115,140,130,55,55,40,4,FALSE
Tangrowth,Grass,None,4,0,535,100,100,125,110,50,50,4,FALSE
Electivire,Electric,None,5,0,540,75,123,67,95,85,95,4,FALSE
Magmortar,Fire,None,2,0,540,75,95,67,125,95,83,4,FALSE
Togekiss,Fairy,Flying,18,10,545,85,50,95,120,115,80,4,FALSE
Yanmega,Bug,Flying,12,10,515,86,76,86,116,56,95,4,FALSE
Leafeon,Grass,None,4,0,525,65,110,130,60,65,95,4,FALSE
Glaceon,Ice,None,6,0,525,65,60,110,130,95,65,4,FALSE
Gliscor,Ground,Flying,9,10,510,75,95,125,45,75,95,4,FALSE
Mamoswine,Ice,Ground,6,9,530,110,130,80,70,60,80,4,FALSE
Porygon-Z,Normal,None,1,0,535,85,80,70,135,75,90,4,FALSE
Gallade,Psychic,Fighting,11,7,518,68,125,65,65,115,80,4,FALSE
GalladeMega Gallade,Psychic,Fighting,11,7,618,68,165,95,65,115,110,4,FALSE
Probopass,Rock,Steel,13,17,525,60,55,145,75,150,40,4,FALSE
Dusknoir,Ghost,None,14,0,525,45,100,135,65,135,45,4,FALSE
Froslass,Ice,Ghost,6,14,480,70,80,70,80,70,110,4,FALSE
Rotom,Electric,Ghost,5,14,440,50,50,77,95,77,91,4,FALSE
RotomHeat Rotom,Electric,Fire,5,2,520,50,65,107,105,107,86,4,FALSE
RotomWash Rotom,Electric,Water,5,3,520,50,65,107,105,107,86,4,FALSE
RotomFrost Rotom,Electric,Ice,5,6,520,50,65,107,105,107,86,4,FALSE
RotomFan Rotom,Electric,Flying,5,10,520,50,65,107,105,107,86,4,FALSE
RotomMow Rotom,Electric,Grass,5,4,520,50,65,107,105,107,86,4,FALSE
Uxie,Psychic,None,11,0,580,75,75,130,75,130,95,4,TRUE
Mesprit,Psychic,None,11,0,580,80,105,105,105,105,80,4,TRUE
Azelf,Psychic,None,11,0,580,75,125,70,125,70,115,4,TRUE
Dialga,Steel,Dragon,17,15,680,100,120,120,150,100,90,4,TRUE
Palkia,Water,Dragon,3,15,680,90,120,100,150,120,100,4,TRUE
Heatran,Fire,Steel,2,17,600,91,90,106,130,106,77,4,TRUE
Regigigas,Normal,None,1,0,670,110,160,110,80,110,100,4,TRUE
GiratinaAltered Forme,Ghost,Dragon,14,15,680,150,100,120,100,120,90,4,TRUE
GiratinaOrigin Forme,Ghost,Dragon,14,15,680,150,120,100,120,100,90,4,TRUE
Cresselia,Psychic,None,11,0,600,120,70,120,75,130,85,4,FALSE
Phione,Water,None,3,0,480,80,80,80,80,80,80,4,FALSE
Manaphy,Water,None,3,0,600,100,100,100,100,100,100,4,FALSE
Darkrai,Dark,None,16,0,600,70,90,90,135,90,125,4,TRUE
ShayminLand Forme,Grass,None,4,0,600,100,100,100,100,100,100,4,TRUE
ShayminSky Forme,Grass,Flying,4,10,600,100,103,75,120,75,127,4,TRUE
Arceus,Normal,None,1,0,720,120,120,120,120,120,120,4,TRUE
Victini,Psychic,Fire,11,2,600,100,100,100,100,100,100,5,TRUE
Snivy,Grass,None,4,0,308,45,45,55,45,55,63,5,FALSE
Servine,Grass,None,4,0,413,60,60,75,60,75,83,5,FALSE
Serperior,Grass,None,4,0,528,75,75,95,75,95,113,5,FALSE
Tepig,Fire,None,2,0,308,65,63,45,45,45,45,5,FALSE
Pignite,Fire,Fighting,2,7,418,90,93,55,70,55,55,5,FALSE
Emboar,Fire,Fighting,2,7,528,110,123,65,100,65,65,5,FALSE
Oshawott,Water,None,3,0,308,55,55,45,63,45,45,5,FALSE
Dewott,Water,None,3,0,413,75,75,60,83,60,60,5,FALSE
Samurott,Water,None,3,0,528,95,100,85,108,70,70,5,FALSE
Patrat,Normal,None,1,0,255,45,55,39,35,39,42,5,FALSE
Watchog,Normal,None,1,0,420,60,85,69,60,69,77,5,FALSE
Lillipup,Normal,None,1,0,275,45,60,45,25,45,55,5,FALSE
Herdier,Normal,None,1,0,370,65,80,65,35,65,60,5,FALSE
Stoutland,Normal,None,1,0,500,85,110,90,45,90,80,5,FALSE
Purrloin,Dark,None,16,0,281,41,50,37,50,37,66,5,FALSE
Liepard,Dark,None,16,0,446,64,88,50,88,50,106,5,FALSE
Pansage,Grass,None,4,0,316,50,53,48,53,48,64,5,FALSE
Simisage,Grass,None,4,0,498,75,98,63,98,63,101,5,FALSE
Pansear,Fire,None,2,0,316,50,53,48,53,48,64,5,FALSE
Simisear,Fire,None,2,0,498,75,98,63,98,63,101,5,FALSE
Panpour,Water,None,3,0,316,50,53,48,53,48,64,5,FALSE
Simipour,Water,None,3,0,498,75,98,63,98,63,101,5,FALSE
Munna,Psychic,None,11,0,292,76,25,45,67,55,24,5,FALSE
Musharna,Psychic,None,11,0,487,116,55,85,107,95,29,5,FALSE
Pidove,Normal,Flying,1,10,264,50,55,50,36,30,43,5,FALSE
Tranquill,Normal,Flying,1,10,358,62,77,62,50,42,65,5,FALSE
Unfezant,Normal,Flying,1,10,488,80,115,80,65,55,93,5,FALSE
Blitzle,Electric,None,5,0,295,45,60,32,50,32,76,5,FALSE
Zebstrika,Electric,None,5,0,497,75,100,63,80,63,116,5,FALSE
Roggenrola,Rock,None,13,0,280,55,75,85,25,25,15,5,FALSE
Boldore,Rock,None,13,0,390,70,105,105,50,40,20,5,FALSE
Gigalith,Rock,None,13,0,515,85,135,130,60,80,25,5,FALSE
Woobat,Psychic,Flying,11,10,313,55,45,43,55,43,72,5,FALSE
Swoobat,Psychic,Flying,11,10,425,67,57,55,77,55,114,5,FALSE
Drilbur,Ground,None,9,0,328,60,85,40,30,45,68,5,FALSE
Excadrill,Ground,Steel,9,17,508,110,135,60,50,65,88,5,FALSE
Audino,Normal,None,1,0,445,103,60,86,60,86,50,5,FALSE
AudinoMega Audino,Normal,Fairy,1,18,545,103,60,126,80,126,50,5,FALSE
Timburr,Fighting,None,7,0,305,75,80,55,25,35,35,5,FALSE
Gurdurr,Fighting,None,7,0,405,85,105,85,40,50,40,5,FALSE
Conkeldurr,Fighting,None,7,0,505,105,140,95,55,65,45,5,FALSE
Tympole,Water,None,3,0,294,50,50,40,50,40,64,5,FALSE
Palpitoad,Water,Ground,3,9,384,75,65,55,65,55,69,5,FALSE
Seismitoad,Water,Ground,3,9,509,105,95,75,85,75,74,5,FALSE
Throh,Fighting,None,7,0,465,120,100,85,30,85,45,5,FALSE
Sawk,Fighting,None,7,0,465,75,125,75,30,75,85,5,FALSE
Sewaddle,Bug,Grass,12,4,310,45,53,70,40,60,42,5,FALSE
Swadloon,Bug,Grass,12,4,380,55,63,90,50,80,42,5,FALSE
Leavanny,Bug,Grass,12,4,500,75,103,80,70,80,92,5,FALSE
Venipede,Bug,Poison,12,8,260,30,45,59,30,39,57,5,FALSE
Whirlipede,Bug,Poison,12,8,360,40,55,99,40,79,47,5,FALSE
Scolipede,Bug,Poison,12,8,485,60,100,89,55,69,112,5,FALSE
Cottonee,Grass,Fairy,4,18,280,40,27,60,37,50,66,5,FALSE
Whimsicott,Grass,Fairy,4,18,480,60,67,85,77,75,116,5,FALSE
Petilil,Grass,None,4,0,280,45,35,50,70,50,30,5,FALSE
Lilligant,Grass,None,4,0,480,70,60,75,110,75,90,5,FALSE
Basculin,Water,None,3,0,460,70,92,65,80,55,98,5,FALSE
Sandile,Ground,Dark,9,16,292,50,72,35,35,35,65,5,FALSE
Krokorok,Ground,Dark,9,16,351,60,82,45,45,45,74,5,FALSE
Krookodile,Ground,Dark,9,16,519,95,117,80,65,70,92,5,FALSE
Darumaka,Fire,None,2,0,315,70,90,45,15,45,50,5,FALSE
DarmanitanStandard Mode,Fire,None,2,0,480,105,140,55,30,55,95,5,FALSE
DarmanitanZen Mode,Fire,Psychic,2,11,540,105,30,105,140,105,55,5,FALSE
Maractus,Grass,None,4,0,461,75,86,67,106,67,60,5,FALSE
Dwebble,Bug,Rock,12,13,325,50,65,85,35,35,55,5,FALSE
Crustle,Bug,Rock,12,13,475,70,95,125,65,75,45,5,FALSE
Scraggy,Dark,Fighting,16,7,348,50,75,70,35,70,48,5,FALSE
Scrafty,Dark,Fighting,16,7,488,65,90,115,45,115,58,5,FALSE
Sigilyph,Psychic,Flying,11,10,490,72,58,80,103,80,97,5,FALSE
Yamask,Ghost,None,14,0,303,38,30,85,55,65,30,5,FALSE
Cofagrigus,Ghost,None,14,0,483,58,50,145,95,105,30,5,FALSE
Tirtouga,Water,Rock,3,13,355,54,78,103,53,45,22,5,FALSE
Carracosta,Water,Rock,3,13,495,74,108,133,83,65,32,5,FALSE
Archen,Rock,Flying,13,10,401,55,112,45,74,45,70,5,FALSE
Archeops,Rock,Flying,13,10,567,75,140,65,112,65,110,5,FALSE
Trubbish,Poison,None,8,0,329,50,50,62,40,62,65,5,FALSE
Garbodor,Poison,None,8,0,474,80,95,82,60,82,75,5,FALSE
Zorua,Dark,None,16,0,330,40,65,40,80,40,65,5,FALSE
Zoroark,Dark,None,16,0,510,60,105,60,120,60,105,5,FALSE
Minccino,Normal,None,1,0,300,55,50,40,40,40,75,5,FALSE
Cinccino,Normal,None,1,0,470,75,95,60,65,60,115,5,FALSE
Gothita,Psychic,None,11,0,290,45,30,50,55,65,45,5,FALSE
Gothorita,Psychic,None,11,0,390,60,45,70,75,85,55,5,FALSE
Gothitelle,Psychic,None,11,0,490,70,55,95,95,110,65,5,FALSE
Solosis,Psychic,None,11,0,290,45,30,40,105,50,20,5,FALSE
Duosion,Psychic,None,11,0,370,65,40,50,125,60,30,5,FALSE
Reuniclus,Psychic,None,11,0,490,110,65,75,125,85,30,5,FALSE
Ducklett,Water,Flying,3,10,305,62,44,50,44,50,55,5,FALSE
Swanna,Water,Flying,3,10,473,75,87,63,87,63,98,5,FALSE
Vanillite,Ice,None,6,0,305,36,50,50,65,60,44,5,FALSE
Vanillish,Ice,None,6,0,395,51,65,65,80,75,59,5,FALSE
Vanilluxe,Ice,None,6,0,535,71,95,85,110,95,79,5,FALSE
Deerling,Normal,Grass,1,4,335,60,60,50,40,50,75,5,FALSE
Sawsbuck,Normal,Grass,1,4,475,80,100,70,60,70,95,5,FALSE
Emolga,Electric,Flying,5,10,428,55,75,60,75,60,103,5,FALSE
Karrablast,Bug,None,12,0,315,50,75,45,40,45,60,5,FALSE
Escavalier,Bug,Steel,12,17,495,70,135,105,60,105,20,5,FALSE
Foongus,Grass,Poison,4,8,294,69,55,45,55,55,15,5,FALSE
Amoonguss,Grass,Poison,4,8,464,114,85,70,85,80,30,5,FALSE
Frillish,Water,Ghost,3,14,335,55,40,50,65,85,40,5,FALSE
Jellicent,Water,Ghost,3,14,480,100,60,70,85,105,60,5,FALSE
Alomomola,Water,None,3,0,470,165,75,80,40,45,65,5,FALSE
Joltik,Bug,Electric,12,5,319,50,47,50,57,50,65,5,FALSE
Galvantula,Bug,Electric,12,5,472,70,77,60,97,60,108,5,FALSE
Ferroseed,Grass,Steel,4,17,305,44,50,91,24,86,10,5,FALSE
Ferrothorn,Grass,Steel,4,17,489,74,94,131,54,116,20,5,FALSE
Klink,Steel,None,17,0,300,40,55,70,45,60,30,5,FALSE
Klang,Steel,None,17,0,440,60,80,95,70,85,50,5,FALSE
Klinklang,Steel,None,17,0,520,60,100,115,70,85,90,5,FALSE
Tynamo,Electric,None,5,0,275,35,55,40,45,40,60,5,FALSE
Eelektrik,Electric,None,5,0,405,65,85,70,75,70,40,5,FALSE
Eelektross,Electric,None,5,0,515,85,115,80,105,80,50,5,FALSE
Elgyem,Psychic,None,11,0,335,55,55,55,85,55,30,5,FALSE
Beheeyem,Psychic,None,11,0,485,75,75,75,125,95,40,5,FALSE
Litwick,Ghost,Fire,14,2,275,50,30,55,65,55,20,5,FALSE
Lampent,Ghost,Fire,14,2,370,60,40,60,95,60,55,5,FALSE
Chandelure,Ghost,Fire,14,2,520,60,55,90,145,90,80,5,FALSE
Axew,Dragon,None,15,0,320,46,87,60,30,40,57,5,FALSE
Fraxure,Dragon,None,15,0,410,66,117,70,40,50,67,5,FALSE
Haxorus,Dragon,None,15,0,540,76,147,90,60,70,97,5,FALSE
Cubchoo,Ice,None,6,0,305,55,70,40,60,40,40,5,FALSE
Beartic,Ice,None,6,0,485,95,110,80,70,80,50,5,FALSE
Cryogonal,Ice,None,6,0,485,70,50,30,95,135,105,5,FALSE
Shelmet,Bug,None,12,0,305,50,40,85,40,65,25,5,FALSE
Accelgor,Bug,None,12,0,495,80,70,40,100,60,145,5,FALSE
Stunfisk,Ground,Electric,9,5,471,109,66,84,81,99,32,5,FALSE
Mienfoo,Fighting,None,7,0,350,45,85,50,55,50,65,5,FALSE
Mienshao,Fighting,None,7,0,510,65,125,60,95,60,105,5,FALSE
Druddigon,Dragon,None,15,0,485,77,120,90,60,90,48,5,FALSE
Golett,Ground,Ghost,9,14,303,59,74,50,35,50,35,5,FALSE
Golurk,Ground,Ghost,9,14,483,89,124,80,55,80,55,5,FALSE
Pawniard,Dark,Steel,16,17,340,45,85,70,40,40,60,5,FALSE
Bisharp,Dark,Steel,16,17,490,65,125,100,60,70,70,5,FALSE
Bouffalant,Normal,None,1,0,490,95,110,95,40,95,55,5,FALSE
Rufflet,Normal,Flying,1,10,350,70,83,50,37,50,60,5,FALSE
Braviary,Normal,Flying,1,10,510,100,123,75,57,75,80,5,FALSE
Vullaby,Dark,Flying,16,10,370,70,55,75,45,65,60,5,FALSE
Mandibuzz,Dark,Flying,16,10,510,110,65,105,55,95,80,5,FALSE
Heatmor,Fire,None,2,0,484,85,97,66,105,66,65,5,FALSE
Durant,Bug,Steel,12,17,484,58,109,112,48,48,109,5,FALSE
Deino,Dark,Dragon,16,15,300,52,65,50,45,50,38,5,FALSE
Zweilous,Dark,Dragon,16,15,420,72,85,70,65,70,58,5,FALSE
Hydreigon,Dark,Dragon,16,15,600,92,105,90,125,90,98,5,FALSE
Larvesta,Bug,Fire,12,2,360,55,85,55,50,55,60,5,FALSE
Volcarona,Bug,Fire,12,2,550,85,60,65,135,105,100,5,FALSE
Cobalion,Steel,Fighting,17,7,580,91,90,129,90,72,108,5,TRUE
Terrakion,Rock,Fighting,13,7,580,91,129,90,72,90,108,5,TRUE
Virizion,Grass,Fighting,4,7,580,91,90,72,90,129,108,5,TRUE
TornadusIncarnate Forme,Flying,None,10,0,580,79,115,70,125,80,111,5,TRUE
TornadusTherian Forme,Flying,None,10,0,580,79,100,80,110,90,121,5,TRUE
ThundurusIncarnate Forme,Electric,Flying,5,10,580,79,115,70,125,80,111,5,TRUE
ThundurusTherian Forme,Electric,Flying,5,10,580,79,105,70,145,80,101,5,TRUE
Reshiram,Dragon,Fire,15,2,680,100,120,100,150,120,90,5,TRUE
Zekrom,Dragon,Electric,15,5,680,100,150,120,120,100,90,5,TRUE
LandorusIncarnate Forme,Ground,Flying,9,10,600,89,125,90,115,80,101,5,TRUE
LandorusTherian Forme,Ground,Flying,9,10,600,89,145,90,105,80,91,5,TRUE
Kyurem,Dragon,Ice,15,6,660,125,130,90,130,90,95,5,TRUE
KyuremBlack Kyurem,Dragon,Ice,15,6,700,125,170,100,120,90,95,5,TRUE
KyuremWhite Kyurem,Dragon,Ice,15,6,700,125,120,90,170,100,95,5,TRUE
KeldeoOrdinary Forme,Water,Fighting,3,7,580,91,72,90,129,90,108,5,FALSE
KeldeoResolute Forme,Water,Fighting,3,7,580,91,72,90,129,90,108,5,FALSE
MeloettaAria Forme,Normal,Psychic,1,11,600,100,77,77,128,128,90,5,FALSE
MeloettaPirouette Forme,Normal,Fighting,1,7,600,100,128,90,77,77,128,5,FALSE
Genesect,Bug,Steel,12,17,600,71,120,95,120,95,99,5,FALSE
Chespin,Grass,None,4,0,313,56,61,65,48,45,38,6,FALSE
Quilladin,Grass,None,4,0,405,61,78,95,56,58,57,6,FALSE
Chesnaught,Grass,Fighting,4,7,530,88,107,122,74,75,64,6,FALSE
Fennekin,Fire,None,2,0,307,40,45,40,62,60,60,6,FALSE
Braixen,Fire,None,2,0,409,59,59,58,90,70,73,6,FALSE
Delphox,Fire,Psychic,2,11,534,75,69,72,114,100,104,6,FALSE
Froakie,Water,None,3,0,314,41,56,40,62,44,71,6,FALSE
Frogadier,Water,None,3,0,405,54,63,52,83,56,97,6,FALSE
Greninja,Water,Dark,3,16,530,72,95,67,103,71,122,6,FALSE
Bunnelby,Normal,None,1,0,237,38,36,38,32,36,57,6,FALSE
Diggersby,Normal,Ground,1,9,423,85,56,77,50,77,78,6,FALSE
Fletchling,Normal,Flying,1,10,278,45,50,43,40,38,62,6,FALSE
Fletchinder,Fire,Flying,2,10,382,62,73,55,56,52,84,6,FALSE
Talonflame,Fire,Flying,2,10,499,78,81,71,74,69,126,6,FALSE
Scatterbug,Bug,None,12,0,200,38,35,40,27,25,35,6,FALSE
Spewpa,Bug,None,12,0,213,45,22,60,27,30,29,6,FALSE
Vivillon,Bug,Flying,12,10,411,80,52,50,90,50,89,6,FALSE
Litleo,Fire,Normal,2,1,369,62,50,58,73,54,72,6,FALSE
Pyroar,Fire,Normal,2,1,507,86,68,72,109,66,106,6,FALSE
Flabébé,Fairy,None,18,0,303,44,38,39,61,79,42,6,FALSE
Floette,Fairy,None,18,0,371,54,45,47,75,98,52,6,FALSE
Florges,Fairy,None,18,0,552,78,65,68,112,154,75,6,FALSE
Skiddo,Grass,None,4,0,350,66,65,48,62,57,52,6,FALSE
Gogoat,Grass,None,4,0,531,123,100,62,97,81,68,6,FALSE
Pancham,Fighting,None,7,0,348,67,82,62,46,48,43,6,FALSE
Pangoro,Fighting,Dark,7,16,495,95,124,78,69,71,58,6,FALSE
Furfrou,Normal,None,1,0,472,75,80,60,65,90,102,6,FALSE
Espurr,Psychic,None,11,0,355,62,48,54,63,60,68,6,FALSE
MeowsticMale,Psychic,None,11,0,466,74,48,76,83,81,104,6,FALSE
MeowsticFemale,Psychic,None,11,0,466,74,48,76,83,81,104,6,FALSE
Honedge,Steel,Ghost,17,14,325,45,80,100,35,37,28,6,FALSE
Doublade,Steel,Ghost,17,14,448,59,110,150,45,49,35,6,FALSE
AegislashBlade Forme,Steel,Ghost,17,14,520,60,150,50,150,50,60,6,FALSE
AegislashShield Forme,Steel,Ghost,17,14,520,60,50,150,50,150,60,6,FALSE
Spritzee,Fairy,None,18,0,341,78,52,60,63,65,23,6,FALSE
Aromatisse,Fairy,None,18,0,462,101,72,72,99,89,29,6,FALSE
Swirlix,Fairy,None,18,0,341,62,48,66,59,57,49,6,FALSE
Slurpuff,Fairy,None,18,0,480,82,80,86,85,75,72,6,FALSE
Inkay,Dark,Psychic,16,11,288,53,54,53,37,46,45,6,FALSE
Malamar,Dark,Psychic,16,11,482,86,92,88,68,75,73,6,FALSE
Binacle,Rock,Water,13,3,306,42,52,67,39,56,50,6,FALSE
Barbaracle,Rock,Water,13,3,500,72,105,115,54,86,68,6,FALSE
Skrelp,Poison,Water,8,3,320,50,60,60,60,60,30,6,FALSE
Dragalge,Poison,Dragon,8,15,494,65,75,90,97,123,44,6,FALSE
Clauncher,Water,None,3,0,330,50,53,62,58,63,44,6,FALSE
Clawitzer,Water,None,3,0,500,71,73,88,120,89,59,6,FALSE
Helioptile,Electric,Normal,5,1,289,44,38,33,61,43,70,6,FALSE
Heliolisk,Electric,Normal,5,1,481,62,55,52,109,94,109,6,FALSE
Tyrunt,Rock,Dragon,13,15,362,58,89,77,45,45,48,6,FALSE
Tyrantrum,Rock,Dragon,13,15,521,82,121,119,69,59,71,6,FALSE
Amaura,Rock,Ice,13,6,362,77,59,50,67,63,46,6,FALSE
Aurorus,Rock,Ice,13,6,521,123,77,72,99,92,58,6,FALSE
Sylveon,Fairy,None,18,0,525,95,65,65,110,130,60,6,FALSE
Hawlucha,Fighting,Flying,7,10,500,78,92,75,74,63,118,6,FALSE
Dedenne,Electric,Fairy,5,18,431,67,58,57,81,67,101,6,FALSE
Carbink,Rock,Fairy,13,18,500,50,50,150,50,150,50,6,FALSE
Goomy,Dragon,None,15,0,300,45,50,35,55,75,40,6,FALSE
Sliggoo,Dragon,None,15,0,452,68,75,53,83,113,60,6,FALSE
Goodra,Dragon,None,15,0,600,90,100,70,110,150,80,6,FALSE
Klefki,Steel,Fairy,17,18,470,57,80,91,80,87,75,6,FALSE
Phantump,Ghost,Grass,14,4,309,43,70,48,50,60,38,6,FALSE
Trevenant,Ghost,Grass,14,4,474,85,110,76,65,82,56,6,FALSE
PumpkabooAverage Size,Ghost,Grass,14,4,335,49,66,70,44,55,51,6,FALSE
PumpkabooSmall Size,Ghost,Grass,14,4,335,44,66,70,44,55,56,6,FALSE
PumpkabooLarge Size,Ghost,Grass,14,4,335,54,66,70,44,55,46,6,FALSE
PumpkabooSuper Size,Ghost,Grass,14,4,335,59,66,70,44,55,41,6,FALSE
GourgeistAverage Size,Ghost,Grass,14,4,494,65,90,122,58,75,84,6,FALSE
GourgeistSmall Size,Ghost,Grass,14,4,494,55,85,122,58,75,99,6,FALSE
GourgeistLarge Size,Ghost,Grass,14,4,494,75,95,122,58,75,69,6,FALSE
GourgeistSuper Size,Ghost,Grass,14,4,494,85,100,122,58,75,54,6,FALSE
Bergmite,Ice,None,6,0,304,55,69,85,32,35,28,6,FALSE
Avalugg,Ice,None,6,0,514,95,117,184,44,46,28,6,FALSE
Noibat,Flying,Dragon,10,15,245,40,30,35,45,40,55,6,FALSE
Noivern,Flying,Dragon,10,15,535,85,70,80,97,80,123,6,FALSE
Xerneas,Fairy,None,18,0,680,126,131,95,131,98,99,6,TRUE
Yveltal,Dark,Flying,16,10,680,126,131,95,131,98,99,6,TRUE
Zygarde50% Forme,Dragon,Ground,15,9,600,108,100,121,81,95,95,6,TRUE
Diancie,Rock,Fairy,13,18,600,50,100,150,100,150,50,6,TRUE
DiancieMega Diancie,Rock,Fairy,13,18,700,50,160,110,160,110,110,6,TRUE
HoopaHoopa Confined,Psychic,Ghost,11,14,600,80,110,60,150,130,70,6,TRUE
HoopaHoopa Unbound,Psychic,Dark,11,16,680,80,160,60,170,130,80,6,TRUE
Volcanion,Fire,Water,2,3,600,80,110,120,130,90,70,6,TRUE
